{"name":"Home","identifier":"YRYDYVJVEX","description":"the home intent who directs to another intents","parentIntentSignature":null,"sampleUtterances":[{"utterance":"Oi"},{"utterance":"Olá"},{"utterance":"Bom dia"},{"utterance":"Boa tarde"},{"utterance":"Boa noite"},{"utterance":"Home"},{"utterance":"Menu"}],"intentConfirmationSetting":null,"intentClosingSetting":null,"initialResponseSetting":{"conditional":null,"codeHook":null,"nextStep":{"sessionAttributes":{},"intent":{"name":null,"slots":{}},"dialogAction":{"type":"ElicitSlot","suppressNextMessage":null,"slotToElicit":"AnimalPerdidoOuEncontrado"}},"initialResponse":{"messageGroupsList":[{"message":{"ssmlMessage":null,"customPayload":null,"plainTextMessage":{"value":"Olá, seja bem vindo"},"imageResponseCard":null},"variations":null}],"allowInterrupt":true}},"inputContexts":null,"outputContexts":null,"kendraConfiguration":null,"qnAIntentConfiguration":null,"bedrockAgentIntentConfiguration":null,"dialogCodeHook":null,"fulfillmentCodeHook":null,"slotPriorities":[{"priority":0,"slotName":"AnimalPerdidoOuEncontrado"}]}