{"name":"AnimalPerdidoOuEncontrado","identifier":"9WO11YBLGF","description":null,"slotTypeName":"Topico","obfuscationSetting":null,"valueElicitationSetting":{"slotCaptureSetting":{"codeHook":null,"captureResponse":null,"captureNextStep":{"sessionAttributes":{},"intent":{"name":null,"slots":{}},"dialogAction":{"type":"EvaluateConditional","slotToElicit":null,"suppressNextMessage":null}},"captureConditional":{"isActive":true,"conditionalBranches":[{"name":"AnimalPerdido","response":null,"condition":{"expressionString":"{AnimalPerdidoOuEncontrado} = \"eu perdi meu animal\" OR \n{AnimalPerdidoOuEncontrado} = \"eu perdi meu cachorro\" OR \n{AnimalPerdidoOuEncontrado} = \"eu perdi meu gato\" OR \n{AnimalPerdidoOuEncontrado} = \"meu animal fugiu\" OR \n{AnimalPerdidoOuEncontrado} = \"eu perdi\""},"nextStep":{"sessionAttributes":{},"intent":{"name":"AnimalPerdido","slots":{}},"dialogAction":{"type":"StartIntent","slotToElicit":null,"suppressNextMessage":null}}},{"name":"AnimalEncontrado","response":null,"condition":{"expressionString":"{AnimalPerdidoOuEncontrado} = \"encontrei um animal\" OR \n{AnimalPerdidoOuEncontrado} = \"achei um animal\" OR \n{AnimalPerdidoOuEncontrado} = \"achei um cachorro perdido\" OR \n{AnimalPerdidoOuEncontrado} = \"eu achei um animal perdido\""},"nextStep":{"sessionAttributes":{},"intent":{"name":"AnimalEncontrado","slots":{}},"dialogAction":{"type":"StartIntent","slotToElicit":null,"suppressNextMessage":null}}},{"name":"FallBack","response":null,"condition":{"expressionString":"{AnimalPerdidoOuEncontrado} != \"eu perdi meu animal\" AND\n{AnimalPerdidoOuEncontrado} != \"encontrei um animal\" AND\n{AnimalPerdidoOuEncontrado} != \"encontrei um animal\" AND \n{AnimalPerdidoOuEncontrado} != \"achei um animal\" AND \n{AnimalPerdidoOuEncontrado} != \"achei um cachorro perdido\" AND \n{AnimalPerdidoOuEncontrado} != \"eu achei um animal perdido\" AND\n{AnimalPerdidoOuEncontrado} != \"eu perdi meu animal\" AND \n{AnimalPerdidoOuEncontrado} != \"eu perdi meu cachorro\" AND \n{AnimalPerdidoOuEncontrado} != \"eu perdi meu gato\" AND\n{AnimalPerdidoOuEncontrado} != \"meu animal fugiu\" AND \n{AnimalPerdidoOuEncontrado} != \"eu perdi\"\n"},"nextStep":{"sessionAttributes":{},"intent":{"name":"FallbackIntent","slots":{}},"dialogAction":{"type":"StartIntent","slotToElicit":null,"suppressNextMessage":null}}}],"defaultBranch":{"response":null,"nextStep":{"sessionAttributes":{},"intent":{"name":null,"slots":{}},"dialogAction":{"type":"ElicitSlot","slotToElicit":"AnimalPerdidoOuEncontrado","suppressNextMessage":null}}}},"failureResponse":null,"failureNextStep":{"sessionAttributes":{},"intent":{"name":"FallbackIntent","slots":{}},"dialogAction":{"type":"StartIntent","slotToElicit":null,"suppressNextMessage":null}},"failureConditional":null,"elicitationCodeHook":{"enableCodeHookInvocation":true,"invocationLabel":null}},"slotConstraint":"Required","promptSpecification":{"messageGroupsList":[{"message":{"ssmlMessage":null,"customPayload":null,"plainTextMessage":{"value":"Olá seja bem vindo, caso você tenha encontrado um animal perdido digite \"eu encontrei um animal\", caso você tenha perdido seu animal digite \"eu perdi meu animal\""},"imageResponseCard":null},"variations":null}],"maxRetries":4,"messageSelectionStrategy":"Random","allowInterrupt":true,"promptAttemptsSpecification":{"Retry3":{"textInputSpecification":{"startTimeoutMs":30000},"allowedInputTypes":{"allowAudioInput":true,"allowDTMFInput":true},"audioAndDTMFInputSpecification":{"startTimeoutMs":4000,"audioSpecification":{"endTimeoutMs":640,"maxLengthMs":15000},"dtmfSpecification":{"maxLength":513,"endTimeoutMs":5000,"deletionCharacter":"*","endCharacter":"#"}},"allowInterrupt":true},"Retry1":{"textInputSpecification":{"startTimeoutMs":30000},"allowedInputTypes":{"allowAudioInput":true,"allowDTMFInput":true},"audioAndDTMFInputSpecification":{"startTimeoutMs":4000,"audioSpecification":{"endTimeoutMs":640,"maxLengthMs":15000},"dtmfSpecification":{"maxLength":513,"endTimeoutMs":5000,"deletionCharacter":"*","endCharacter":"#"}},"allowInterrupt":true},"Retry2":{"textInputSpecification":{"startTimeoutMs":30000},"allowedInputTypes":{"allowAudioInput":true,"allowDTMFInput":true},"audioAndDTMFInputSpecification":{"startTimeoutMs":4000,"audioSpecification":{"endTimeoutMs":640,"maxLengthMs":15000},"dtmfSpecification":{"maxLength":513,"endTimeoutMs":5000,"deletionCharacter":"*","endCharacter":"#"}},"allowInterrupt":true},"Initial":{"textInputSpecification":{"startTimeoutMs":30000},"allowedInputTypes":{"allowAudioInput":true,"allowDTMFInput":true},"audioAndDTMFInputSpecification":{"startTimeoutMs":4000,"audioSpecification":{"endTimeoutMs":640,"maxLengthMs":15000},"dtmfSpecification":{"maxLength":513,"endTimeoutMs":5000,"deletionCharacter":"*","endCharacter":"#"}},"allowInterrupt":true},"Retry4":{"textInputSpecification":{"startTimeoutMs":30000},"allowedInputTypes":{"allowAudioInput":true,"allowDTMFInput":true},"audioAndDTMFInputSpecification":{"startTimeoutMs":4000,"audioSpecification":{"endTimeoutMs":640,"maxLengthMs":15000},"dtmfSpecification":{"maxLength":513,"endTimeoutMs":5000,"deletionCharacter":"*","endCharacter":"#"}},"allowInterrupt":true}}},"defaultValueSpecification":null,"sampleUtterances":null,"waitAndContinueSpecification":null},"multipleValuesSetting":null}