{"name":"AnimalPerdidoOuEncontrado","identifier":"9WO11YBLGF","description":null,"slotTypeName":"Topico","obfuscationSetting":null,"valueElicitationSetting":{"slotCaptureSetting":{"codeHook":null,"captureResponse":null,"captureNextStep":{"sessionAttributes":{},"dialogAction":{"type":"EvaluateConditional","slotToElicit":null,"suppressNextMessage":null},"intent":{"name":null,"slots":{}}},"captureConditional":{"isActive":true,"conditionalBranches":[{"name":"AnimalPerdido","response":null,"condition":{"expressionString":"{AnimalPerdidoOuEncontrado} = \"eu perdi meu animal\" OR \n{AnimalPerdidoOuEncontrado} = \"eu perdi meu cachorro\" OR \n{AnimalPerdidoOuEncontrado} = \"eu perdi meu gato\" OR \n{AnimalPerdidoOuEncontrado} = \"meu animal fugiu\" OR \n{AnimalPerdidoOuEncontrado} = \"eu perdi\""},"nextStep":{"sessionAttributes":{},"dialogAction":{"type":"StartIntent","slotToElicit":null,"suppressNextMessage":null},"intent":{"name":"AnimalPerdido","slots":{}}}},{"name":"AnimalEncontrado","response":null,"condition":{"expressionString":"{AnimalPerdidoOuEncontrado} = \"encontrei um animal\" OR \n{AnimalPerdidoOuEncontrado} = \"achei um animal\" OR \n{AnimalPerdidoOuEncontrado} = \"achei um cachorro perdido\" OR \n{AnimalPerdidoOuEncontrado} = \"eu achei um animal perdido\""},"nextStep":{"sessionAttributes":{},"dialogAction":{"type":"StartIntent","slotToElicit":null,"suppressNextMessage":null},"intent":{"name":"AnimalEncontrado","slots":{}}}},{"name":"FallBack","response":null,"condition":{"expressionString":"{AnimalPerdidoOuEncontrado} != \"eu perdi meu animal\" AND\n{AnimalPerdidoOuEncontrado} != \"encontrei um animal\" AND\n{AnimalPerdidoOuEncontrado} != \"encontrei um animal\" AND \n{AnimalPerdidoOuEncontrado} != \"achei um animal\" AND \n{AnimalPerdidoOuEncontrado} != \"achei um cachorro perdido\" AND \n{AnimalPerdidoOuEncontrado} != \"eu achei um animal perdido\" AND\n{AnimalPerdidoOuEncontrado} != \"eu perdi meu animal\" AND \n{AnimalPerdidoOuEncontrado} != \"eu perdi meu cachorro\" AND \n{AnimalPerdidoOuEncontrado} != \"eu perdi meu gato\" AND\n{AnimalPerdidoOuEncontrado} != \"meu animal fugiu\" AND \n{AnimalPerdidoOuEncontrado} != \"eu perdi\"\n"},"nextStep":{"sessionAttributes":{},"dialogAction":{"type":"StartIntent","slotToElicit":null,"suppressNextMessage":null},"intent":{"name":"FallbackIntent","slots":{}}}}],"defaultBranch":{"response":null,"nextStep":{"sessionAttributes":{},"dialogAction":{"type":"ElicitSlot","slotToElicit":"AnimalPerdidoOuEncontrado","suppressNextMessage":null},"intent":{"name":null,"slots":{}}}}},"failureResponse":null,"failureNextStep":{"sessionAttributes":{},"dialogAction":{"type":"StartIntent","slotToElicit":null,"suppressNextMessage":null},"intent":{"name":"FallbackIntent","slots":{}}},"failureConditional":null,"elicitationCodeHook":{"invocationLabel":null,"enableCodeHookInvocation":true}},"slotConstraint":"Required","promptSpecification":{"messageGroupsList":[{"message":{"ssmlMessage":null,"customPayload":null,"plainTextMessage":{"value":"Olá seja bem vindo, caso você tenha encontrado um animal perdido digite \"eu encontrei um animal\", caso você tenha perdido seu animal digite \"eu perdi meu animal\""},"imageResponseCard":null},"variations":null}],"maxRetries":4,"messageSelectionStrategy":"Random","allowInterrupt":true,"promptAttemptsSpecification":{"Initial":{"allowedInputTypes":{"allowAudioInput":true,"allowDTMFInput":true},"audioAndDTMFInputSpecification":{"dtmfSpecification":{"maxLength":513,"deletionCharacter":"*","endCharacter":"#","endTimeoutMs":5000},"startTimeoutMs":4000,"audioSpecification":{"maxLengthMs":15000,"endTimeoutMs":640}},"allowInterrupt":true,"textInputSpecification":{"startTimeoutMs":30000}},"Retry4":{"allowedInputTypes":{"allowAudioInput":true,"allowDTMFInput":true},"audioAndDTMFInputSpecification":{"dtmfSpecification":{"maxLength":513,"deletionCharacter":"*","endCharacter":"#","endTimeoutMs":5000},"startTimeoutMs":4000,"audioSpecification":{"maxLengthMs":15000,"endTimeoutMs":640}},"allowInterrupt":true,"textInputSpecification":{"startTimeoutMs":30000}},"Retry3":{"allowedInputTypes":{"allowAudioInput":true,"allowDTMFInput":true},"audioAndDTMFInputSpecification":{"dtmfSpecification":{"maxLength":513,"deletionCharacter":"*","endCharacter":"#","endTimeoutMs":5000},"startTimeoutMs":4000,"audioSpecification":{"maxLengthMs":15000,"endTimeoutMs":640}},"allowInterrupt":true,"textInputSpecification":{"startTimeoutMs":30000}},"Retry2":{"allowedInputTypes":{"allowAudioInput":true,"allowDTMFInput":true},"audioAndDTMFInputSpecification":{"dtmfSpecification":{"maxLength":513,"deletionCharacter":"*","endCharacter":"#","endTimeoutMs":5000},"startTimeoutMs":4000,"audioSpecification":{"maxLengthMs":15000,"endTimeoutMs":640}},"allowInterrupt":true,"textInputSpecification":{"startTimeoutMs":30000}},"Retry1":{"allowedInputTypes":{"allowAudioInput":true,"allowDTMFInput":true},"audioAndDTMFInputSpecification":{"dtmfSpecification":{"maxLength":513,"deletionCharacter":"*","endCharacter":"#","endTimeoutMs":5000},"startTimeoutMs":4000,"audioSpecification":{"maxLengthMs":15000,"endTimeoutMs":640}},"allowInterrupt":true,"textInputSpecification":{"startTimeoutMs":30000}}}},"defaultValueSpecification":null,"sampleUtterances":null,"waitAndContinueSpecification":null},"multipleValuesSetting":null}